{
  "hash": "74bcc7da",
  "configHash": "5f6a8694",
  "lockfileHash": "89227a7e",
  "browserHash": "b360e742",
  "optimized": {
    "@angular/core": {
      "src": "../../../../../node_modules/@angular/core/fesm2022/core.mjs",
      "file": "@angular_core.js",
      "fileHash": "ce257739",
      "needsInterop": false
    },
    "@angular/platform-browser": {
      "src": "../../../../../node_modules/@angular/platform-browser/fesm2022/platform-browser.mjs",
      "file": "@angular_platform-browser.js",
      "fileHash": "13f2a44b",
      "needsInterop": false
    },
    "@angular/router": {
      "src": "../../../../../node_modules/@angular/router/fesm2022/router.mjs",
      "file": "@angular_router.js",
      "fileHash": "476f6ecc",
      "needsInterop": false
    },
    "primeng/image": {
      "src": "../../../../../node_modules/primeng/fesm2022/primeng-image.mjs",
      "file": "primeng_image.js",
      "fileHash": "4cbeb981",
      "needsInterop": false
    },
    "@angular/common": {
      "src": "../../../../../node_modules/@angular/common/fesm2022/common.mjs",
      "file": "@angular_common.js",
      "fileHash": "396ac7c9",
      "needsInterop": false
    },
    "primeng/button": {
      "src": "../../../../../node_modules/primeng/fesm2022/primeng-button.mjs",
      "file": "primeng_button.js",
      "fileHash": "67cb0e2f",
      "needsInterop": false
    },
    "primeng/card": {
      "src": "../../../../../node_modules/primeng/fesm2022/primeng-card.mjs",
      "file": "primeng_card.js",
      "fileHash": "d48f925f",
      "needsInterop": false
    },
    "@angular/forms": {
      "src": "../../../../../node_modules/@angular/forms/fesm2022/forms.mjs",
      "file": "@angular_forms.js",
      "fileHash": "1ba174c1",
      "needsInterop": false
    },
    "@angular/platform-browser-dynamic": {
      "src": "../../../../../node_modules/@angular/platform-browser-dynamic/fesm2022/platform-browser-dynamic.mjs",
      "file": "@angular_platform-browser-dynamic.js",
      "fileHash": "35dc3f6b",
      "needsInterop": false
    }
  },
  "chunks": {
    "chunk-HAZJUFL6": {
      "file": "chunk-HAZJUFL6.js"
    },
    "chunk-3WG4MJMQ": {
      "file": "chunk-3WG4MJMQ.js"
    },
    "chunk-ZXJLOQRD": {
      "file": "chunk-ZXJLOQRD.js"
    },
    "chunk-JCCGAHCX": {
      "file": "chunk-JCCGAHCX.js"
    },
    "chunk-FLSG4Q2H": {
      "file": "chunk-FLSG4Q2H.js"
    }
  }
}